nivel,codigo_ibge,name,2004,2005,2006,2007,2008,2009,2010,2011,2012,2013,2014,2015,2016,2017
MU,4100103,  Abatiá,2600.0,1750.0,2100.0,2600.0,2600.0,2080.0,2590.0,3350.0,2320.0,3100.0,1460.0,2640.0,2760.0,3480.0
MU,4100459,  Altamira do Paraná,3100.0,2460.0,2950.0,2950.0,2749.0,2749.0,3250.0,3200.0,2197.0,3223.0,3471.0,3099.0,2871.0,3818.0
MU,4100608,  Alto Paraná,1487.0,1365.0,1734.0,2727.0,2400.0,1620.0,2899.0,2899.0,1737.0,2880.0,2000.0,1800.0,2221.0,2980.0
MU,4100707,  Alto Piquiri,2300.0,2300.0,2700.0,3193.0,2701.0,2097.0,3130.0,3310.0,2000.0,3000.0,3192.0,3488.0,2589.0,3700.0
MU,4100509,  Altônia,1050.0,1800.0,1255.0,2355.0,2600.0,1300.0,3000.0,2773.0,815.0,2137.0,1800.0,2455.0,2780.0,2900.0
MU,4100806,  Alvorada do Sul,1920.0,1860.0,2580.0,2880.0,2880.0,2279.0,3120.0,3415.0,2724.0,3260.0,1500.0,3103.0,2450.0,3423.0
MU,4101002,  Ampére,2211.0,900.0,1523.0,2402.0,2783.0,2306.0,3349.0,3475.0,1995.0,3008.0,2907.0,3447.0,3480.0,3800.0
MU,4101051,  Anahy,3190.0,2851.0,2600.0,3360.0,3150.0,3098.0,3203.0,3719.0,2705.0,3400.0,3698.0,3709.0,4091.0,3644.0
MU,4101101,  Andirá,2700.0,2000.0,2800.0,2750.0,2900.0,271.0,2812.0,3461.0,2185.0,3396.0,1440.0,2667.0,3077.0,3462.0
MU,4101150,  Ângulo,1815.0,2000.0,1500.0,3050.0,3000.0,1750.0,3000.0,3223.0,1994.0,3471.0,2730.0,3600.0,3050.0,3470.0
MU,4101309,  Antônio Olinto,2488.0,2000.0,2800.0,2717.0,2918.0,2413.0,1934.0,3550.0,2800.0,3193.0,3440.0,3455.0,3264.0,3500.0
MU,4101408,  Apucarana,3300.0,2660.0,2700.0,3012.0,3100.0,2700.0,2900.0,3450.0,2400.0,3350.0,2700.0,3000.0,2650.0,3600.0
MU,4101606,  Arapoti,3192.0,2000.0,2780.0,3260.0,3400.0,3300.0,3200.0,3400.0,3564.0,3800.0,3149.0,3797.0,3371.0,4000.0
MU,4101655,  Arapuã,3000.0,2780.0,2850.0,3100.0,3100.0,3000.0,3200.0,3365.0,2843.0,3800.0,3100.0,3100.0,2350.0,3500.0
MU,4101705,  Araruna,2472.0,2230.0,1734.0,2850.0,2832.0,2176.0,2828.0,3000.0,2515.0,3304.0,2835.0,3207.0,2834.0,3600.0
MU,4101804,  Araucária,2603.0,2650.0,3050.0,3450.0,3222.0,3225.0,3198.0,3198.0,3200.0,3420.0,2975.0,3471.0,3595.0,3700.0
MU,4101853,  Ariranha do Ivaí,2900.0,1780.0,2450.0,2800.0,2900.0,3000.0,3112.0,3700.0,2900.0,3600.0,3150.0,3100.0,2230.0,3500.0
MU,4101903,  Assaí,2700.0,1900.0,2230.0,2750.0,2900.0,1983.0,3000.0,3480.0,2479.0,3347.0,1860.0,3100.0,2580.0,3263.0
MU,4102000,  Assis Chateaubriand,2199.0,2600.0,2064.0,2968.0,3100.0,997.0,3671.0,3291.0,1401.0,3493.0,3203.0,3295.0,3420.0,3967.0
MU,4102109,  Astorga,2199.0,1550.0,1860.0,2700.0,2800.0,2350.0,3000.0,3480.0,2750.0,3471.0,2600.0,3470.0,2350.0,3720.0
MU,4102208,  Atalaia,1500.0,2100.0,1149.0,3000.0,2850.0,1750.0,3150.0,3350.0,2900.0,3470.0,2100.0,3520.0,2850.0,3650.0
MU,4102307,  Balsa Nova,2650.0,2680.0,3100.0,3500.0,3272.0,3290.0,2979.0,3350.0,3350.0,3545.0,3084.0,3595.0,3600.0,3600.0
MU,4102406,  Bandeirantes,2600.0,1900.0,1980.0,2750.0,2850.0,146.0,3000.0,3480.0,2220.0,3358.0,1460.0,2629.0,3200.0,3200.0
MU,4102505,  Barbosa Ferraz,3100.0,2230.0,2597.0,3096.0,2800.0,2027.0,3240.0,3644.0,2269.0,3372.0,3074.0,3277.0,2680.0,3552.0
MU,4102703,  Barra do Jacaré,2600.0,1700.0,2350.0,2230.0,2727.0,2727.0,2851.0,3471.0,2353.0,3471.0,1983.0,2800.0,3400.0,3469.0
MU,4102604,  Barracão,1600.0,1200.0,2000.0,3000.0,2800.0,2000.0,2750.0,3300.0,2000.0,3000.0,3000.0,3500.0,3450.0,3600.0
MU,4102752,  Bela Vista da Caroba,2178.0,1100.0,2000.0,2880.0,2820.0,1800.0,3000.0,3495.0,1860.0,3168.0,2465.0,2936.0,3487.0,3500.0
MU,4102802,  Bela Vista do Paraíso,1980.0,2160.0,2039.0,2580.0,2940.0,2280.0,3033.0,3443.0,2479.0,3201.0,1740.0,3370.0,2600.0,3650.0
MU,4102901,  Bituruna,2600.0,1300.0,2500.0,2500.0,2000.0,2200.0,2400.0,3300.0,2600.0,2600.0,2600.0,2500.0,2600.0,2950.0
MU,4103008,  Boa Esperança,2692.0,2355.0,2098.0,2088.0,3147.0,2189.0,3209.0,3351.0,2390.0,3362.0,3561.0,3275.0,3466.0,3917.0
MU,4103024,  Boa Esperança do Iguaçu,2440.0,1650.0,2250.0,2313.0,2696.0,1955.0,2888.0,3629.0,2035.0,2551.0,1919.0,3323.0,3023.0,3720.0
MU,4103040,  Boa Ventura de São Roque,2700.0,1700.0,2600.0,2900.0,3000.0,2800.0,3000.0,3382.0,2784.0,3000.0,3000.0,1832.0,3200.0,3596.0
MU,4103057,  Boa Vista da Aparecida,2750.0,2700.0,2231.0,3259.0,3300.0,3471.0,3456.0,3717.0,2500.0,3932.0,3449.0,3577.0,3687.0,3700.0
MU,4103156,  Bom Jesus do Sul,1700.0,1500.0,1800.0,3000.0,2800.0,2200.0,3000.0,3300.0,2117.0,3000.0,2968.0,3300.0,3400.0,3600.0
MU,4103206,  Bom Sucesso,3000.0,2200.0,2500.0,2117.0,3000.0,2000.0,2800.0,3470.0,2300.0,3200.0,2900.0,3150.0,2700.0,3645.0
MU,4103222,  Bom Sucesso do Sul,2502.0,1533.0,2490.0,2708.0,2906.0,2491.0,3283.0,3797.0,2401.0,3308.0,3159.0,3169.0,3272.0,3993.0
MU,4103305,  Borrazópolis,3000.0,2200.0,2600.0,2900.0,3000.0,2380.0,3000.0,3400.0,2809.0,3500.0,3000.0,3475.0,2480.0,2480.0
MU,4103354,  Braganey,2700.0,2644.0,2234.0,3189.0,3214.0,2708.0,3179.0,3627.0,2907.0,3383.0,3704.0,3705.0,3826.0,3850.0
MU,4103370,  Brasilândia do Sul,2500.0,2700.0,2699.0,3197.0,2550.0,2029.0,3081.0,2996.0,2000.0,2998.0,3183.0,3342.0,3487.0,3300.0
MU,4103404,  Cafeara,1680.0,2230.0,1710.0,3003.0,2389.0,2036.0,2700.0,3051.0,2000.0,2724.0,1547.0,3185.0,2080.0,3000.0
MU,4103453,  Cafelândia,2663.0,2650.0,2592.0,3148.0,3468.0,2747.0,3291.0,3460.0,2973.0,3853.0,3826.0,4008.0,3434.0,4515.0
MU,4103479,  Cafezal do Sul,1400.0,2200.0,1800.0,2500.0,2500.0,1610.0,2750.0,2677.0,900.0,2200.0,2230.0,2500.0,2800.0,3000.0
MU,4103503,  Califórnia,3120.0,2570.0,2500.0,2148.0,3000.0,2700.0,2800.0,3300.0,2600.0,3400.0,3000.0,3600.0,2290.0,3950.0
MU,4103602,  Cambará,2800.0,1790.0,2200.0,2300.0,2727.0,1090.0,2264.0,3471.0,2218.0,3223.0,1983.0,2800.0,3067.0,2250.0
MU,4103701,  Cambé,3101.0,2220.0,2640.0,2820.0,2940.0,2700.0,3200.0,3240.0,2820.0,3446.0,2880.0,3248.0,2100.0,4050.0
MU,4103800,  Cambira,3240.0,2520.0,2800.0,2433.0,3100.0,2800.0,2900.0,3200.0,2500.0,3350.0,2850.0,3250.0,2727.0,3700.0
MU,4103909,  Campina da Lagoa,2975.0,2780.0,2691.0,2691.0,3100.0,2458.0,3556.0,3176.0,2483.0,3337.0,3431.0,3270.0,3271.0,4100.0
MU,4103958,  Campina do Simão,2600.0,2000.0,2800.0,2426.0,2650.0,2500.0,2800.0,3150.0,2600.0,3346.0,3150.0,3100.0,3250.0,3780.0
MU,4104055,  Campo Bonito,2500.0,2850.0,3100.0,3200.0,3480.0,2257.0,3149.0,3590.0,2724.0,3896.0,3561.0,3707.0,3543.0,3500.0
MU,4104105,  Campo do Tenente,2700.0,2400.0,3000.0,3100.0,3100.0,2650.0,2900.0,3020.0,3200.0,3207.0,3000.0,3296.0,3400.0,3400.0
MU,4104204,  Campo Largo,2480.0,2500.0,3020.0,3345.0,3100.0,3149.0,3174.0,3174.0,3166.0,3275.0,2849.0,3322.0,3420.0,3600.0
MU,4104253,  Campo Magro,2500.0,2500.0,3000.0,3353.0,3071.0,3076.0,3173.0,3173.0,3173.0,3287.0,2806.0,3272.0,3390.0,3600.0
MU,4104303,  Campo Mourão,2733.0,2280.0,2677.0,3099.0,2984.0,2407.0,2982.0,3400.0,2496.0,3293.0,3221.0,3574.0,3048.0,3840.0
MU,4104402,  Cândido de Abreu,2500.0,1650.0,2200.0,2400.0,2800.0,3000.0,2900.0,3434.0,3000.0,2807.0,3100.0,1718.0,2857.0,2012.0
MU,4104428,  Candói,2694.0,2500.0,2861.0,2852.0,2886.0,2157.0,3216.0,3363.0,2949.0,3380.0,3398.0,3448.0,3599.0,4070.0
MU,4104451,  Cantagalo,2296.0,1800.0,2646.0,2566.0,2649.0,2450.0,2749.0,3200.0,2779.0,3298.0,2818.0,3199.0,3298.0,3690.0
MU,4104501,  Capanema,2250.0,1580.0,1500.0,3000.0,2800.0,2400.0,3300.0,3200.0,1590.0,3200.0,3200.0,3465.0,2829.0,3600.0
MU,4104600,  Capitão Leônidas Marques,2749.0,1450.0,2298.0,3300.0,3300.0,3346.0,3282.0,3700.0,3300.0,3282.0,3426.0,3426.0,3401.0,3599.0
MU,4104659,  Carambeí,3146.0,2600.0,2814.0,3350.0,3150.0,2255.0,3250.0,3598.0,3498.0,3695.0,3590.0,3778.0,3445.0,4200.0
MU,4104709,  Carlópolis,2500.0,1780.0,2500.0,2500.0,3430.0,2727.0,3200.0,3200.0,2726.0,3300.0,2231.0,3000.0,3000.0,2879.0
MU,4104808,  Cascavel,2734.0,2355.0,2680.0,2844.0,3236.0,2549.0,3317.0,3471.0,2627.0,3523.0,3655.0,3655.0,3573.0,3900.0
MU,4104907,  Castro,3098.0,3150.0,3000.0,3300.0,3126.0,2578.0,3245.0,3496.0,3546.0,3690.0,3542.0,3727.0,3381.0,4000.0
MU,4105003,  Catanduvas,2764.0,2850.0,3075.0,3491.0,3595.0,3080.0,3429.0,3758.0,2571.0,3754.0,3273.0,3373.0,4068.0,3750.0
MU,4105102,  Centenário do Sul,1559.0,1979.0,1739.0,2879.0,2519.0,2399.0,2900.0,3300.0,2580.0,3300.0,1620.0,3100.0,2400.0,3240.0
MU,4105300,  Céu Azul,2728.0,2980.0,2917.0,3295.0,3595.0,2843.0,3495.0,3591.0,1735.0,3991.0,3736.0,3792.0,3717.0,3965.0
MU,4105409,  Chopinzinho,2345.0,1011.0,1875.0,2733.0,2662.0,2775.0,2999.0,3402.0,1496.0,2750.0,2700.0,2598.0,3189.0,3728.0
MU,4105508,  Cianorte,2550.0,2000.0,1800.0,2593.0,2000.0,1700.0,3100.0,3100.0,2558.0,3013.0,2236.0,3197.0,2247.0,2727.0
MU,4105607,  Cidade Gaúcha,1750.0,2500.0,1800.0,2600.0,2250.0,1800.0,2900.0,3200.0,1000.0,2799.0,1500.0,2900.0,3200.0,3000.0
MU,4105706,  Clevelândia,2238.0,2199.0,2465.0,2750.0,2670.0,2669.0,2849.0,3052.0,2152.0,2770.0,2524.0,3187.0,2585.0,3814.0
MU,4105904,  Colorado,1364.0,1250.0,2109.0,3107.0,2455.0,2000.0,3300.0,3306.0,1910.0,2200.0,1440.0,2730.0,2780.0,3230.0
MU,4106001,  Congonhinhas,2500.0,1720.0,2650.0,2750.0,2869.0,2231.0,3149.0,3480.0,2355.0,3490.0,1880.0,3027.0,2820.0,3600.0
MU,4106100,  Conselheiro Mairinck,3000.0,2550.0,3000.0,2985.0,3070.0,2670.0,3200.0,3331.0,3010.0,3347.0,2730.0,3347.0,3000.0,3200.0
MU,4106209,  Contenda,2680.0,2680.0,3020.0,3346.0,3125.0,3050.0,3180.0,3220.0,3158.0,3420.0,2975.0,3521.0,3670.0,3600.0
MU,4106308,  Corbélia,3091.0,3100.0,2181.0,3372.0,3460.0,2705.0,3540.0,3739.0,2515.0,3716.0,3965.0,3965.0,4084.0,3979.0
MU,4106407,  Cornélio Procópio,2700.0,2000.0,2230.0,2900.0,2920.0,1983.0,2999.0,3473.0,2404.0,3369.0,1690.0,3050.0,2640.0,3600.0
MU,4106456,  Coronel Domingos Soares,2130.0,2050.0,2500.0,2876.0,2650.0,2700.0,2800.0,3000.0,2700.0,2850.0,3000.0,2900.0,3250.0,3300.0
MU,4106506,  Coronel Vivida,2226.0,900.0,2390.0,2837.0,2445.0,2461.0,3355.0,3726.0,1698.0,3234.0,3196.0,3329.0,3142.0,4000.0
MU,4106555,  Corumbataí do Sul,3100.0,2000.0,1900.0,3100.0,2900.0,2030.0,3200.0,3297.0,2480.0,3353.0,3087.0,3499.0,2400.0,3480.0
MU,4106803,  Cruz Machado,2400.0,1200.0,2500.0,2332.0,2173.0,2300.0,2428.0,2400.0,2500.0,2340.0,2338.0,2500.0,2900.0,2950.0
MU,4106571,  Cruzeiro do Iguaçu,2214.0,1650.0,2538.0,2691.0,2578.0,1750.0,2953.0,3482.0,2085.0,2738.0,2708.0,3271.0,3129.0,3960.0
MU,4106605,  Cruzeiro do Oeste,2000.0,2000.0,2278.0,3200.0,1800.0,1860.0,2980.0,2985.0,1610.0,2650.0,2733.0,2800.0,3200.0,3200.0
MU,4106704,  Cruzeiro do Sul,1500.0,2900.0,2000.0,3000.0,2200.0,2150.0,3212.0,3300.0,1508.0,3740.0,2408.0,1396.0,2750.0,3200.0
MU,4106852,  Cruzmaltina,3000.0,2480.0,2650.0,3000.0,3000.0,2333.0,3000.0,3500.0,2800.0,4000.0,3300.0,3300.0,2600.0,2600.0
MU,4107009,  Curiúva,3287.0,2850.0,2476.0,3000.0,2459.0,2479.0,2975.0,3400.0,2800.0,3470.0,2850.0,3600.0,2300.0,3200.0
MU,4107124,  Diamante do Sul,2300.0,2700.0,2300.0,2500.0,3179.0,1838.0,2726.0,3050.0,1740.0,3100.0,2980.0,3150.0,2900.0,3500.0
MU,4107157,  Diamante D'Oeste,2100.0,2730.0,1898.0,3000.0,3222.0,1735.0,2973.0,3000.0,1800.0,3460.0,3444.0,3453.0,3340.0,3060.0
MU,4107207,  Dois Vizinhos,2303.0,2040.0,2373.0,2382.0,2468.0,2025.0,2864.0,3390.0,2097.0,2747.0,2520.0,3338.0,3222.0,3700.0
MU,4107256,  Douradina,1300.0,2000.0,1500.0,2677.0,2300.0,2100.0,2500.0,2501.0,2600.0,2100.0,2200.0,2761.0,3199.0,2700.0
MU,4107306,  Doutor Camargo,2700.0,2750.0,2400.0,3000.0,3000.0,1750.0,3300.0,3500.0,3100.0,3300.0,3219.0,3500.0,3224.0,3200.0
MU,4107405,  Enéas Marques,2380.0,1050.0,1238.0,2945.0,2752.0,2457.0,2924.0,3500.0,1881.0,3016.0,2237.0,3302.0,3120.0,3500.0
MU,4107504,  Engenheiro Beltrão,3177.0,2450.0,2760.0,3095.0,2997.0,1735.0,3118.0,3350.0,1751.0,3348.0,2783.0,3160.0,2805.0,3495.0
MU,4107538,  Entre Rios do Oeste,1833.0,3000.0,1700.0,2465.0,2988.0,2099.0,3296.0,3200.0,1240.0,3894.0,3431.0,3209.0,3287.0,3800.0
MU,4107546,  Espigão Alto do Iguaçu,2615.0,2910.0,2304.0,2952.0,3037.0,2370.0,3165.0,3557.0,2215.0,3436.0,2974.0,3206.0,2420.0,4000.0
MU,4107553,  Farol,2735.0,2230.0,2679.0,2975.0,2947.0,2342.0,3120.0,3366.0,2460.0,3318.0,3305.0,3460.0,3083.0,3480.0
MU,4107603,  Faxinal,3000.0,2280.0,2650.0,3000.0,3100.0,3000.0,3100.0,3500.0,2800.0,3500.0,3300.0,3500.0,2650.0,2650.0
MU,4107652,  Fazenda Rio Grande,2478.0,2484.0,2950.0,3495.0,3173.0,3190.0,3170.0,3180.0,3199.0,3247.0,2915.0,3422.0,3495.0,3600.0
MU,4107702,  Fênix,2975.0,2280.0,2230.0,3000.0,2850.0,1619.0,3222.0,3470.0,1998.0,3427.0,2928.0,2987.0,3221.0,3480.0
MU,4107736,  Fernandes Pinheiro,2668.0,2450.0,2650.0,2850.0,2696.0,2573.0,3025.0,3256.0,3092.0,3050.0,3136.0,3187.0,2990.0,3650.0
MU,4107751,  Figueira,2726.0,2500.0,2500.0,2500.0,2460.0,2478.0,2975.0,3106.0,3200.0,3200.0,2727.0,3200.0,3001.0,3000.0
MU,4107850,  Flor da Serra do Sul,2451.0,1200.0,2411.0,2895.0,2900.0,2500.0,3000.0,3500.0,1800.0,3200.0,3050.0,3200.0,3010.0,3600.0
MU,4107801,  Floraí,2106.0,2150.0,2600.0,2400.0,2500.0,2047.0,2953.0,3350.0,2237.0,3200.0,2775.0,3336.0,3470.0,3000.0
MU,4107900,  Floresta,2700.0,2450.0,2300.0,2900.0,2949.0,1137.0,3450.0,3540.0,2170.0,3600.0,3376.0,3492.0,3397.0,4000.0
MU,4108007,  Florestópolis,2378.0,1740.0,2639.0,2580.0,2939.0,2460.0,3127.0,3480.0,2640.0,3480.0,1560.0,3480.0,2460.0,3480.0
MU,4108106,  Flórida,1735.0,1860.0,1700.0,2850.0,2280.0,1750.0,3250.0,3230.0,2370.0,3517.0,2500.0,3897.0,3100.0,3600.0
MU,4108205,  Formosa do Oeste,2036.0,2350.0,2700.0,2900.0,3000.0,1800.0,3350.0,3350.0,1600.0,3790.0,3855.0,3993.0,3684.0,4300.0
MU,4108304,  Foz do Iguaçu,2200.0,2500.0,3470.0,3470.0,3470.0,3470.0,3369.0,3595.0,1537.0,3843.0,3523.0,2851.0,3459.0,3411.0
MU,4108452,  Foz do Jordão,2673.0,2400.0,2992.0,2939.0,2871.0,2850.0,3174.0,3450.0,2837.0,3332.0,3347.0,3248.0,3496.0,3870.0
MU,4108320,  Francisco Alves,2000.0,2500.0,1494.0,2930.0,2499.0,1200.0,3185.0,3198.0,1355.0,2836.0,2397.0,3066.0,3590.0,3400.0
MU,4108403,  Francisco Beltrão,2658.0,1450.0,1623.0,2793.0,2595.0,2237.0,3113.0,3573.0,2106.0,2924.0,2529.0,3255.0,3167.0,3500.0
MU,4108502,  General Carneiro,2600.0,1450.0,2199.0,2681.0,2251.0,2200.0,2600.0,2800.0,2500.0,2400.0,2350.0,2500.0,2500.0,2900.0
MU,4108551,  Godoy Moreira,2600.0,1700.0,2200.0,2500.0,3900.0,2800.0,2800.0,3403.0,2658.0,3000.0,2850.0,3000.0,2480.0,3500.0
MU,4108601,  Goioerê,2520.0,1934.0,2950.0,3193.0,3100.0,2480.0,3715.0,3400.0,2347.0,3362.0,3406.0,3406.0,3271.0,3900.0
MU,4108650,  Goioxim,2540.0,2100.0,2700.0,2846.0,2648.0,2491.0,2928.0,3250.0,2647.0,3363.0,3068.0,3000.0,3298.0,3810.0
MU,4108700,  Grandes Rios,2500.0,1750.0,2000.0,2500.0,2800.0,2900.0,2900.0,3350.0,2800.0,2800.0,3000.0,3500.0,2230.0,2230.0
MU,4108809,  Guaíra,1609.0,2727.0,1741.0,2836.0,2860.0,1594.0,3125.0,3339.0,1859.0,3382.0,2693.0,2727.0,3287.0,3600.0
MU,4108957,  Guamiranga,2586.0,2250.0,2540.0,2850.0,2640.0,2198.0,2773.0,3057.0,3127.0,2948.0,2945.0,3040.0,2887.0,3525.0
MU,4109005,  Guapirama,2600.0,2560.0,2500.0,2400.0,3200.0,2750.0,3010.0,3347.0,2947.0,3223.0,1983.0,3000.0,2727.0,3500.0
MU,4109104,  Guaporema,1800.0,2500.0,1800.0,2600.0,2600.0,1400.0,3197.0,2907.0,2105.0,3000.0,1598.0,3200.0,3000.0,3200.0
MU,4109203,  Guaraci,1845.0,1260.0,1560.0,2699.0,2699.0,2400.0,3100.0,3480.0,2220.0,3480.0,3765.0,3220.0,2220.0,3400.0
MU,4109302,  Guaraniaçu,2750.0,2900.0,2880.0,3200.0,3050.0,2330.0,3021.0,3262.0,2049.0,3217.0,3298.0,3148.0,2989.0,3838.0
MU,4109401,  Guarapuava,2800.0,2600.0,2970.0,3000.0,2849.0,2498.0,3203.0,3444.0,3049.0,3511.0,3529.0,3499.0,3600.0,4120.0
MU,4109658,  Honório Serpa,2024.0,1920.0,2299.0,2804.0,2295.0,2693.0,2595.0,3641.0,2062.0,3126.0,3208.0,3335.0,3450.0,3895.0
MU,4109708,  Ibaiti,2911.0,2500.0,2746.0,3100.0,2975.0,3138.0,2975.0,3600.0,2056.0,3000.0,2479.0,3224.0,2800.0,2800.0
MU,4109757,  Ibema,2716.0,2055.0,3100.0,3200.0,3222.0,3000.0,3441.0,3595.0,2725.0,3223.0,3221.0,3222.0,3446.0,3500.0
MU,4109807,  Ibiporã,1980.0,2220.0,2040.0,2460.0,2580.0,2100.0,2820.0,3526.0,2480.0,2892.0,2420.0,3350.0,2250.0,3600.0
MU,4109906,  Icaraíma,1500.0,1600.0,1350.0,1800.0,1599.0,1314.0,2500.0,2501.0,580.0,2470.0,1700.0,1499.0,3000.0,1700.0
MU,4110003,  Iguaraçu,2230.0,2250.0,2000.0,3050.0,3100.0,2330.0,3300.0,3350.0,2355.0,3470.0,2730.0,3500.0,3000.0,3470.0
MU,4110052,  Iguatu,3223.0,2800.0,2490.0,3150.0,3200.0,3300.0,3291.0,3719.0,2611.0,3500.0,3671.0,3670.0,4003.0,3900.0
MU,4110078,  Imbaú,2800.0,2000.0,2500.0,3000.0,2700.0,2730.0,3000.0,3200.0,3200.0,3500.0,2577.0,3368.0,3242.0,3800.0
MU,4110102,  Imbituva,2771.0,2380.0,2680.0,2950.0,2769.0,2699.0,3063.0,3310.0,3074.0,2984.0,3226.0,3421.0,3274.0,3750.0
MU,4110409,  Indianópolis,2100.0,2100.0,2500.0,2700.0,2250.0,1700.0,2800.0,3100.0,1800.0,2800.0,2250.0,3200.0,2500.0,3300.0
MU,4110508,  Ipiranga,3000.0,3100.0,3100.0,3300.0,3100.0,3300.0,3250.0,3498.0,3497.0,3695.0,3098.0,3691.0,3374.0,3900.0
MU,4110607,  Iporã,1600.0,2300.0,1800.0,2691.0,2484.0,1636.0,3050.0,2933.0,896.0,2182.0,2223.0,2441.0,2961.0,3200.0
MU,4110656,  Iracema do Oeste,2230.0,2400.0,2200.0,3000.0,3100.0,2000.0,3300.0,3346.0,1697.0,3690.0,3613.0,3913.0,3346.0,4200.0
MU,4110706,  Irati,2604.0,2340.0,2550.0,2800.0,2674.0,2524.0,3050.0,3213.0,3069.0,3021.0,3135.0,3280.0,2989.0,3600.0
MU,4110805,  Iretama,2600.0,2920.0,2700.0,3132.0,3400.0,2690.0,3000.0,3644.0,2727.0,2962.0,2882.0,3286.0,2393.0,3200.0
MU,4110904,  Itaguajé,1050.0,1149.0,1449.0,3200.0,1750.0,1849.0,3032.0,3282.0,2158.0,2220.0,1500.0,2650.0,3000.0,3249.0
MU,4110953,  Itaipulândia,1977.0,2480.0,3273.0,3272.0,3346.0,713.0,3088.0,3211.0,1795.0,3400.0,2775.0,2748.0,3397.0,3100.0
MU,4111001,  Itambaracá,2700.0,2070.0,2350.0,2800.0,2880.0,1858.0,3059.0,3350.0,2630.0,3373.0,1690.0,2619.0,3209.0,3091.0
MU,4111100,  Itambé,2730.0,2150.0,2100.0,2974.0,2974.0,1185.0,3160.0,3640.0,2250.0,3493.0,3100.0,3380.0,3000.0,4000.0
MU,4111209,  Itapejara d'Oeste,2454.0,1711.0,1479.0,2586.0,2258.0,2446.0,2700.0,2910.0,1416.0,2707.0,3040.0,3242.0,2917.0,4000.0
MU,4111407,  Ivaí,2700.0,2800.0,2600.0,3000.0,3000.0,3300.0,3100.0,3400.0,3300.0,3495.0,2903.0,3466.0,3360.0,3800.0
MU,4111506,  Ivaiporã,3000.0,2680.0,2700.0,3000.0,3000.0,3300.0,3200.0,3477.0,2975.0,4000.0,3400.0,3300.0,2600.0,3500.0
MU,4111605,  Ivatuba,2750.0,2600.0,2600.0,3100.0,3000.0,1850.0,3570.0,3500.0,2820.0,3766.0,3210.0,3658.0,3698.0,3750.0
MU,4111704,  Jaboti,2973.0,2500.0,2500.0,3200.0,3200.0,2396.0,3099.0,3350.0,3350.0,3000.0,2479.0,3235.0,3000.0,3400.0
MU,4111902,  Jaguapitã,1970.0,1680.0,1560.0,2820.0,3000.0,2639.0,3200.0,3420.0,2700.0,2940.0,1560.0,3220.0,2460.0,3400.0
MU,4112009,  Jaguariaíva,3140.0,2000.0,2800.0,3243.0,3170.0,2800.0,3200.0,3397.0,3540.0,3592.0,3097.0,3689.0,3388.0,4000.0
MU,4112108,  Jandaia do Sul,3000.0,2700.0,2600.0,2090.0,3100.0,2480.0,2800.0,3300.0,2500.0,3400.0,3250.0,3400.0,2353.0,3650.0
MU,4112207,  Janiópolis,2596.0,2355.0,2130.0,2130.0,2975.0,2975.0,3246.0,3347.0,2095.0,3394.0,3091.0,3316.0,3101.0,3470.0
MU,4112306,  Japira,2931.0,2500.0,2960.0,3120.0,3200.0,2395.0,3200.0,3200.0,3104.0,3460.0,2479.0,3467.0,3000.0,3470.0
MU,4112405,  Japurá,2200.0,2400.0,2100.0,2700.0,4300.0,984.0,3100.0,3400.0,1800.0,2940.0,2462.0,3450.0,2800.0,3500.0
MU,4112504,  Jardim Alegre,3000.0,2400.0,2650.0,3000.0,3000.0,3300.0,3100.0,3400.0,2975.0,3600.0,3400.0,3300.0,2600.0,3500.0
MU,4112603,  Jardim Olinda,1365.0,1500.0,1240.0,2620.0,2305.0,1815.0,3204.0,3362.0,2513.0,3126.0,1650.0,2955.0,2994.0,3400.0
MU,4112702,  Jataizinho,2700.0,1983.0,1980.0,2700.0,2850.0,1880.0,3000.0,3347.0,2479.0,3200.0,1740.0,3100.0,2940.0,3304.0
MU,4112751,  Jesuítas,2230.0,2400.0,2500.0,3000.0,3250.0,2000.0,3698.0,3700.0,2000.0,3950.0,3543.0,3996.0,3347.0,4200.0
MU,4112801,  Joaquim Távora,2500.0,1700.0,2496.0,2296.0,3100.0,2452.0,3101.0,3200.0,3053.0,3200.0,1983.0,3000.0,2603.0,3500.0
MU,4112900,  Jundiaí do Sul,2400.0,2100.0,2400.0,2500.0,3070.0,2723.0,3100.0,3347.0,2802.0,3471.0,1736.0,2800.0,2603.0,3800.0
MU,4112959,  Juranda,2727.0,2600.0,2626.0,2626.0,3339.0,2311.0,3741.0,3403.0,2580.0,3364.0,3580.0,3411.0,3687.0,3900.0
MU,4113007,  Jussara,2500.0,2300.0,1500.0,2700.0,2300.0,1900.0,2864.0,3400.0,2464.0,2933.0,2229.0,3447.0,2709.0,2975.0
MU,4113106,  Kaloré,3200.0,2400.0,2500.0,3200.0,3160.0,2000.0,2700.0,3400.0,2373.0,3300.0,3100.0,3570.0,2340.0,3704.0
MU,4113205,  Lapa,2628.0,1815.0,2900.0,3000.0,3000.0,2500.0,2800.0,3098.0,3165.0,3241.0,2850.0,3235.0,3350.0,3350.0
MU,4113254,  Laranjal,2681.0,2250.0,2600.0,2800.0,3140.0,2700.0,3000.0,3000.0,2500.0,3092.0,2920.0,3080.0,3300.0,3560.0
MU,4113304,  Laranjeiras do Sul,2433.0,1900.0,3100.0,3075.0,3040.0,2600.0,3208.0,3330.0,1980.0,3187.0,3194.0,3591.0,3490.0,3700.0
MU,4113403,  Leópolis,2500.0,2070.0,1730.0,2800.0,2880.0,1785.0,3100.0,3350.0,2231.0,3391.0,1760.0,2980.0,2940.0,3480.0
MU,4113429,  Lidianópolis,3000.0,2400.0,2650.0,3000.0,3000.0,2900.0,3100.0,3400.0,2975.0,3600.0,3347.0,3300.0,2600.0,3500.0
MU,4113452,  Lindoeste,2880.0,2280.0,1800.0,2700.0,3216.0,3250.0,3173.0,3200.0,2661.0,3408.0,3500.0,3500.0,3238.0,3690.0
MU,4113601,  Lobato,1449.0,2170.0,2100.0,3050.0,2229.0,1910.0,3400.0,3434.0,2250.0,3350.0,2495.0,3350.0,3250.0,3650.0
MU,4113700,  Londrina,2743.0,2220.0,2100.0,2880.0,2880.0,2520.0,2940.0,3281.0,2701.0,2940.0,2300.0,3200.0,2250.0,3250.0
MU,4113734,  Luiziana,3060.0,2699.0,2963.0,3168.0,3211.0,2507.0,3063.0,3413.0,3233.0,3611.0,3428.0,3435.0,2453.0,3471.0
MU,4113759,  Lunardelli,3000.0,2400.0,2650.0,3000.0,3100.0,2900.0,3100.0,3400.0,2900.0,3600.0,2777.0,3000.0,2231.0,3500.0
MU,4113809,  Lupionópolis,1200.0,1799.0,1740.0,2500.0,2740.0,1700.0,3100.0,3100.0,2479.0,3220.0,1800.0,3470.0,2880.0,3540.0
MU,4113908,  Mallet,2617.0,2340.0,2520.0,2800.0,2640.0,2300.0,2868.0,3179.0,3062.0,2975.0,3033.0,3088.0,3081.0,3500.0
MU,4114005,  Mamborê,2887.0,2650.0,2592.0,3146.0,3148.0,2684.0,3352.0,3607.0,2733.0,3385.0,3361.0,3446.0,3327.0,3350.0
MU,4114104,  Mandaguaçu,2600.0,1850.0,1850.0,2850.0,2500.0,2050.0,3000.0,3350.0,2200.0,3000.0,2700.0,3387.0,2850.0,3500.0
MU,4114203,  Mandaguari,2350.0,1850.0,1854.0,2850.0,3000.0,2100.0,2800.0,3000.0,2100.0,3294.0,3100.0,3480.0,2900.0,3950.0
MU,4114302,  Mandirituba,2500.0,2500.0,2866.0,3100.0,2840.0,2900.0,2923.0,3046.0,3019.0,3175.0,2828.0,3272.0,1784.0,3600.0
MU,4114351,  Manfrinópolis,1800.0,1300.0,1500.0,2900.0,2800.0,2400.0,2800.0,3400.0,2000.0,3200.0,2600.0,3000.0,3200.0,3700.0
MU,4114401,  Mangueirinha,2419.0,2100.0,2600.0,3075.0,2713.0,2838.0,2988.0,3435.0,2987.0,3362.0,3278.0,3518.0,3833.0,4167.0
MU,4114500,  Manoel Ribas,3100.0,2420.0,2650.0,3000.0,3100.0,3000.0,3200.0,3557.0,2965.0,3500.0,3250.0,2707.0,3100.0,1711.0
MU,4114609,  Marechal Cândido Rondon,1978.0,2354.0,1606.0,2404.0,3238.0,1698.0,3149.0,3300.0,1362.0,3490.0,3170.0,2950.0,3229.0,3768.0
MU,4114708,  Maria Helena,2100.0,2000.0,1850.0,2800.0,2300.0,2000.0,2504.0,2500.0,1601.0,2351.0,2101.0,2500.0,3197.0,3197.0
MU,4114807,  Marialva,2200.0,1800.0,2250.0,2800.0,3000.0,2402.0,3094.0,3600.0,2479.0,3450.0,3199.0,3469.0,3050.0,4000.0
MU,4114906,  Marilândia do Sul,3360.0,2780.0,2800.0,3105.0,3300.0,2800.0,2900.0,3500.0,2675.0,3400.0,3000.0,3650.0,2230.0,3700.0
MU,4115101,  Mariluz,2200.0,2080.0,3000.0,3000.0,2944.0,2284.0,2877.0,3144.0,1991.0,3381.0,3363.0,3401.0,3286.0,3700.0
MU,4115200,  Maringá,2600.0,2300.0,2150.0,2850.0,2750.0,2100.0,3170.0,3500.0,2229.0,3250.0,2849.0,3399.0,2800.0,3600.0
MU,4115309,  Mariópolis,2609.0,2304.0,2480.0,2915.0,2871.0,2141.0,3041.0,3026.0,1712.0,3171.0,2971.0,2927.0,2875.0,3868.0
MU,4115358,  Maripá,2100.0,2730.0,2395.0,3070.0,3093.0,1294.0,3177.0,3300.0,1024.0,3723.0,3720.0,3269.0,4159.0,3500.0
MU,4115408,  Marmeleiro,2480.0,920.0,1976.0,2945.0,2880.0,2368.0,3287.0,3500.0,1996.0,3270.0,2897.0,3398.0,3162.0,3500.0
MU,4115457,  Marquinho,2200.0,1800.0,3000.0,3050.0,2870.0,2560.0,3200.0,3220.0,1860.0,2590.0,2700.0,2980.0,3025.0,3450.0
MU,4115507,  Marumbi,3120.0,2570.0,2400.0,2396.0,3100.0,2550.0,2700.0,3545.0,2700.0,3600.0,3700.0,3850.0,2300.0,3700.0
MU,4115606,  Matelândia,2333.0,2300.0,2340.0,3100.0,3595.0,1758.0,3154.0,3388.0,1486.0,3458.0,3485.0,2901.0,3385.0,4091.0
MU,4115754,  Mauá da Serra,3600.0,2780.0,2970.0,3277.0,3300.0,3000.0,3000.0,3500.0,2706.0,3400.0,3200.0,3720.0,3100.0,4000.0
MU,4115804,  Medianeira,2500.0,2950.0,2340.0,3419.0,3466.0,1241.0,3590.0,3695.0,1614.0,3587.0,3644.0,3044.0,3201.0,3720.0
MU,4115853,  Mercedes,1596.0,2230.0,1553.0,2345.0,3000.0,1992.0,3043.0,3100.0,1500.0,3522.0,3153.0,3041.0,3089.0,3500.0
MU,4115903,  Mirador,1900.0,2350.0,1900.0,2600.0,2700.0,1550.0,2660.0,2600.0,1900.0,2750.0,2750.0,3000.0,2925.0,2700.0
MU,4116000,  Miraselva,1018.0,1260.0,1619.0,1200.0,2700.0,2094.0,3000.0,2460.0,2463.0,3000.0,1139.0,3000.0,1800.0,3360.0
MU,4116059,  Missal,1985.0,2720.0,1688.0,3100.0,3471.0,943.0,3423.0,3342.0,1500.0,3599.0,2781.0,2227.0,3347.0,3000.0
MU,4116109,  Moreira Sales,2355.0,2100.0,2480.0,2480.0,2680.0,2420.0,3172.0,3272.0,2355.0,3191.0,3312.0,3073.0,2836.0,3471.0
MU,4116307,  Munhoz de Melo,1700.0,1700.0,2050.0,2700.0,3000.0,2800.0,2846.0,3500.0,2525.0,3350.0,2980.0,3600.0,2480.0,3500.0
MU,4116406,  Nossa Senhora das Graças,1239.0,1800.0,1950.0,2610.0,2700.0,2149.0,3150.0,3500.0,2900.0,3300.0,2750.0,3601.0,3370.0,3600.0
MU,4116505,  Nova Aliança do Ivaí,2000.0,1379.0,2300.0,2600.0,2597.0,900.0,2711.0,2889.0,2000.0,2520.0,1660.0,2547.0,1700.0,2974.0
MU,4116604,  Nova América da Colina,2500.0,1900.0,2230.0,2750.0,2880.0,1983.0,3000.0,3600.0,2480.0,3300.0,1760.0,3000.0,2880.0,3600.0
MU,4116703,  Nova Aurora,2603.0,2400.0,2600.0,3244.0,3269.0,1610.0,3320.0,3459.0,2495.0,3583.0,3682.0,3967.0,3583.0,4282.0
MU,4116802,  Nova Cantu,2722.0,2603.0,2404.0,2404.0,3024.0,3024.0,3124.0,3197.0,2471.0,3327.0,3573.0,3764.0,3429.0,4165.0
MU,4116901,  Nova Esperança,1894.0,2100.0,2250.0,3000.0,2500.0,1900.0,2778.0,3000.0,1999.0,3350.0,2200.0,3296.0,2099.0,3400.0
MU,4116950,  Nova Esperança do Sudoeste,2000.0,1020.0,1806.0,2948.0,2800.0,2500.0,2913.0,3500.0,2000.0,3054.0,2774.0,3194.0,3271.0,3900.0
MU,4117008,  Nova Fátima,2700.0,1900.0,2550.0,2800.0,2880.0,2231.0,3000.0,3660.0,2480.0,3300.0,1890.0,3100.0,2940.0,3720.0
MU,4117057,  Nova Laranjeiras,2374.0,2000.0,2800.0,3024.0,3087.0,2490.0,3200.0,3230.0,1729.0,2707.0,2727.0,3068.0,3123.0,3600.0
MU,4117255,  Nova Prata do Iguaçu,2579.0,1560.0,1923.0,3012.0,2891.0,2296.0,3240.0,3461.0,1924.0,3332.0,3169.0,3188.0,3352.0,4000.0
MU,4117214,  Nova Santa Bárbara,2700.0,2000.0,2400.0,2800.0,2849.0,2231.0,3173.0,3720.0,2727.0,3400.0,1740.0,3000.0,2880.0,3600.0
MU,4117222,  Nova Santa Rosa,2289.0,3300.0,1303.0,3153.0,3155.0,1750.0,2987.0,3300.0,1323.0,3724.0,4031.0,3451.0,3689.0,3400.0
MU,4117271,  Nova Tebas,2600.0,2100.0,2500.0,2800.0,3200.0,2900.0,3100.0,3300.0,3000.0,2878.0,3100.0,1765.0,3000.0,2880.0
MU,4117297,  Novo Itacolomi,3000.0,2030.0,2100.0,2500.0,2800.0,2480.0,2700.0,3000.0,2300.0,3300.0,3050.0,3600.0,2730.0,3600.0
MU,4117305,  Ortigueira,2750.0,2300.0,2800.0,3000.0,2550.0,2860.0,3100.0,3398.0,3000.0,3592.0,2503.0,3590.0,2990.0,3850.0
MU,4117404,  Ourizona,2680.0,2300.0,2310.0,2850.0,2600.0,2230.0,3350.0,3600.0,2600.0,3600.0,3400.0,3499.0,3200.0,3700.0
MU,4117453,  Ouro Verde do Oeste,2480.0,2579.0,1901.0,2835.0,3343.0,1896.0,3373.0,3200.0,1496.0,3347.0,3335.0,3572.0,3332.0,3900.0
MU,4117503,  Paiçandu,2979.0,2400.0,2700.0,3000.0,2600.0,2100.0,3250.0,3600.0,2228.0,3350.0,3250.0,3499.0,3010.0,2850.0
MU,4117602,  Palmas,2030.0,1980.0,2400.0,2727.0,2380.0,2600.0,2800.0,3100.0,2750.0,2900.0,3150.0,3300.0,3300.0,3600.0
MU,4117701,  Palmeira,2729.0,2350.0,2850.0,3200.0,2700.0,2323.0,2713.0,3495.0,3291.0,3596.0,3197.0,3198.0,3384.0,3800.0
MU,4117800,  Palmital,2500.0,2350.0,2700.0,2800.0,3000.0,2550.0,3000.0,3100.0,1900.0,3172.0,2730.0,3195.0,3300.0,3400.0
MU,4117909,  Palotina,2176.0,3100.0,1956.0,2957.0,3166.0,1256.0,3317.0,3300.0,1347.0,3266.0,3269.0,3170.0,3531.0,4100.0
MU,4118006,  Paraíso do Norte,2350.0,2300.0,2430.0,2970.0,2350.0,1500.0,2900.0,3100.0,2005.0,3100.0,2600.0,3220.0,2825.0,2500.0
MU,4118105,  Paranacity,2000.0,2400.0,1860.0,2800.0,2350.0,1750.0,3112.0,3400.0,1726.0,3300.0,1770.0,3350.0,2750.0,3500.0
MU,4118303,  Paranapoema,1365.0,1412.0,950.0,1983.0,2500.0,1700.0,2939.0,3200.0,2459.0,2500.0,1250.0,3225.0,2116.0,3400.0
MU,4118402,  Paranavaí,1000.0,1116.0,1240.0,2700.0,2300.0,2700.0,2700.0,2759.0,1000.0,2519.0,2000.0,2500.0,1735.0,2513.0
MU,4118451,  Pato Bragado,1600.0,2600.0,1121.0,2692.0,3200.0,1397.0,3484.0,3000.0,1362.0,3386.0,3197.0,2788.0,3400.0,3520.0
MU,4118501,  Pato Branco,2517.0,1983.0,2468.0,2763.0,2916.0,2918.0,3407.0,3326.0,1991.0,3206.0,2869.0,3281.0,3307.0,3507.0
MU,4118600,  Paula Freitas,2920.0,2350.0,3000.0,3392.0,2787.0,2555.0,2716.0,3145.0,3293.0,3350.0,3275.0,3017.0,3050.0,3700.0
MU,4118709,  Paulo Frontin,2827.0,2150.0,2846.0,3296.0,2648.0,2500.0,2363.0,2930.0,2951.0,3237.0,3209.0,2972.0,2965.0,3400.0
MU,4118808,  Peabiru,3288.0,2400.0,2496.0,6988.0,3094.0,2190.0,3073.0,3430.0,2546.0,3379.0,3012.0,3202.0,2910.0,3768.0
MU,4118857,  Perobal,2100.0,2500.0,2700.0,2800.0,2500.0,2300.0,3182.0,3000.0,1549.0,2850.0,2481.0,2940.0,2891.0,2500.0
MU,4119004,  Pérola d'Oeste,2171.0,1120.0,1232.0,3140.0,2813.0,1800.0,3300.0,3500.0,1545.0,3059.0,3178.0,2992.0,3490.0,3700.0
MU,4119251,  Pinhal de São Bento,2000.0,1050.0,2130.0,2882.0,2800.0,1800.0,3227.0,3400.0,1900.0,3011.0,2892.0,3500.0,3450.0,3900.0
MU,4119202,  Pinhalão,2951.0,2250.0,2800.0,2924.0,3000.0,2354.0,3099.0,3454.0,2375.0,3450.0,2480.0,3450.0,2800.0,3475.0
MU,4119301,  Pinhão,2900.0,2550.0,2970.0,2886.0,2900.0,2315.0,3150.0,3400.0,3149.0,3455.0,3450.0,3250.0,3600.0,4110.0
MU,4119400,  Piraí do Sul,3100.0,2600.0,3000.0,3300.0,3097.0,2788.0,3100.0,3499.0,3572.0,3694.0,3295.0,3677.0,3359.0,4100.0
MU,4119509,  Piraquara,2505.0,2650.0,2925.0,3225.0,3028.0,3100.0,3026.0,3080.0,3147.0,3227.0,2807.0,3220.0,3344.0,3400.0
MU,4119608,  Pitanga,2900.0,1900.0,2600.0,2800.0,3180.0,2493.0,3100.0,3483.0,3000.0,2837.0,3211.0,2700.0,3200.0,3020.0
MU,4119657,  Pitangueiras,2639.0,2040.0,2400.0,3059.0,2879.0,2700.0,3000.0,3360.0,2580.0,3360.0,1920.0,3360.0,1860.0,3800.0
MU,4119806,  Planalto,2300.0,1450.0,1500.0,2951.0,2900.0,2479.0,3200.0,3488.0,1534.0,3078.0,3189.0,3187.0,3189.0,3450.0
MU,4119905,  Ponta Grossa,3300.0,3150.0,2761.0,3199.0,3200.0,2697.0,3197.0,3498.0,3348.0,3698.0,3496.0,3682.0,3381.0,4000.0
MU,4120002,  Porecatu,1800.0,2040.0,2219.0,2399.0,2879.0,2399.0,3000.0,3480.0,2220.0,3230.0,1620.0,3223.0,2550.0,3450.0
MU,4120101,  Porto Amazonas,2480.0,2231.0,2800.0,3100.0,2600.0,2800.0,2500.0,3400.0,3200.0,3465.0,3000.0,3300.0,3300.0,3700.0
MU,4120150,  Porto Barreiro,2336.0,2000.0,2470.0,2937.0,2983.0,2592.0,3032.0,3486.0,2480.0,3108.0,3098.0,3198.0,3323.0,3840.0
MU,4120309,  Porto Vitória,2650.0,1900.0,2214.0,2450.0,2600.0,2400.0,2200.0,3625.0,2800.0,2600.0,2600.0,2400.0,2600.0,2850.0
MU,4120333,  Prado Ferreira,2819.0,1739.0,2460.0,2339.0,2879.0,2399.0,3079.0,3360.0,2640.0,3120.0,2242.0,3223.0,2340.0,3600.0
MU,4120358,  Pranchita,2327.0,1550.0,1509.0,3080.0,2793.0,2384.0,3182.0,3560.0,1802.0,3060.0,2772.0,3186.0,3362.0,3800.0
MU,4120408,  Presidente Castelo Branco,1498.0,1400.0,1700.0,2100.0,2230.0,2310.0,2843.0,3000.0,1950.0,2750.0,2000.0,3250.0,2100.0,3350.0
MU,4120507,  Primeiro de Maio,1920.0,1980.0,2340.0,2700.0,2579.0,2040.0,3119.0,3252.0,2640.0,3120.0,1500.0,3350.0,2500.0,3100.0
MU,4120606,  Prudentópolis,2534.0,2050.0,2480.0,2495.0,2443.0,2267.0,2644.0,2904.0,2832.0,3156.0,2921.0,2910.0,3281.0,3900.0
MU,4120655,  Quarto Centenário,2354.0,1950.0,2900.0,2900.0,3100.0,3100.0,3388.0,3225.0,2299.0,3403.0,3663.0,3789.0,3461.0,4090.0
MU,4120853,  Quatro Pontes,2354.0,3100.0,1808.0,3306.0,3500.0,1849.0,3659.0,3400.0,1240.0,3595.0,3575.0,3476.0,2993.0,4090.0
MU,4120903,  Quedas do Iguaçu,2833.0,2910.0,3291.0,3016.0,2868.0,2094.0,3074.0,3440.0,2097.0,3203.0,3111.0,3520.0,3147.0,4000.0
MU,4121000,  Querência do Norte,2000.0,2231.0,1500.0,2500.0,2000.0,2000.0,3200.0,3200.0,1250.0,2480.0,1500.0,2500.0,3200.0,3250.0
MU,4121109,  Quinta do Sol,2840.0,2230.0,2680.0,2700.0,2903.0,1799.0,3586.0,2479.0,2293.0,3319.0,3087.0,3266.0,3058.0,3600.0
MU,4121208,  Quitandinha,2500.0,2000.0,2900.0,3000.0,2800.0,2600.0,2630.0,3330.0,3100.0,3000.0,2700.0,2791.0,3300.0,3300.0
MU,4121257,  Ramilândia,1859.0,2449.0,2100.0,3350.0,3471.0,1743.0,3163.0,3186.0,1497.0,3165.0,3136.0,3067.0,2958.0,3600.0
MU,4121307,  Rancho Alegre,2600.0,1859.0,1980.0,2850.0,2850.0,1860.0,3000.0,3347.0,2603.0,3471.0,1860.0,3060.0,3000.0,3480.0
MU,4121356,  Rancho Alegre D'Oeste,2600.0,2600.0,2600.0,2600.0,3100.0,3100.0,3292.0,3323.0,1972.0,3433.0,3821.0,3502.0,3373.0,4090.0
MU,4121406,  Realeza,2235.0,1350.0,1650.0,2971.0,2900.0,2250.0,3200.0,3577.0,1801.0,3157.0,2965.0,3415.0,3176.0,3900.0
MU,4121505,  Rebouças,2636.0,2349.0,2610.0,2900.0,2746.0,2433.0,3060.0,3261.0,3082.0,3047.0,3172.0,3279.0,3083.0,3650.0
MU,4121604,  Renascença,2973.0,1550.0,2000.0,3130.0,2814.0,2273.0,3318.0,3524.0,2087.0,3324.0,2976.0,3226.0,3136.0,4000.0
MU,4121703,  Reserva,2800.0,1880.0,1600.0,3100.0,2900.0,2660.0,3000.0,3299.0,2900.0,3396.0,1906.0,3340.0,2987.0,3600.0
MU,4121752,  Reserva do Iguaçu,2900.0,2450.0,2900.0,3000.0,2900.0,2950.0,3150.0,3236.0,3100.0,3350.0,3380.0,3300.0,3500.0,4140.0
MU,4121802,  Ribeirão Claro,2500.0,2020.0,2350.0,2500.0,2975.0,2975.0,2726.0,3200.0,3200.0,3200.0,1983.0,3300.0,3385.0,2769.0
MU,4121901,  Ribeirão do Pinhal,2600.0,1700.0,2100.0,2700.0,2750.0,1925.0,2700.0,3250.0,2360.0,3100.0,1680.0,2700.0,2640.0,3420.0
MU,4122008,  Rio Azul,2511.0,2140.0,2550.0,2750.0,2640.0,2297.0,2785.0,3066.0,3051.0,2978.0,3036.0,3091.0,3113.0,3500.0
MU,4122107,  Rio Bom,3100.0,2540.0,2900.0,3300.0,3300.0,2729.0,2800.0,3300.0,2300.0,3272.0,3100.0,3600.0,2230.0,3700.0
MU,4122156,  Rio Bonito do Iguaçu,2470.0,1800.0,2945.0,3008.0,2874.0,2128.0,3013.0,3243.0,1790.0,3129.0,2850.0,3200.0,3220.0,3700.0
MU,4122172,  Rio Branco do Ivaí,2500.0,1600.0,2000.0,2600.0,2900.0,2800.0,2700.0,3800.0,2800.0,2800.0,2900.0,2900.0,2200.0,2200.0
MU,4122305,  Rio Negro,2550.0,2295.0,2700.0,3050.0,3100.0,2550.0,2700.0,3250.0,3160.0,3216.0,2900.0,3143.0,3270.0,3270.0
MU,4122404,  Rolândia,3000.0,2100.0,2460.0,3060.0,3180.0,2760.0,3200.0,3480.0,3071.0,3261.0,2480.0,3240.0,2850.0,3850.0
MU,4122503,  Roncador,3072.0,2800.0,2785.0,3186.0,3228.0,2956.0,3261.0,3536.0,2652.0,3386.0,2975.0,3500.0,3088.0,3200.0
MU,4122602,  Rondon,1700.0,2000.0,2100.0,2500.0,2500.0,1502.0,2700.0,3200.0,1500.0,3100.0,1755.0,3000.0,3000.0,3000.0
MU,4122651,  Rosário do Ivaí,2500.0,1600.0,2000.0,2400.0,2800.0,2600.0,2600.0,3200.0,2800.0,2500.0,2900.0,2900.0,2000.0,2000.0
MU,4122800,  Salgado Filho,1800.0,1200.0,2000.0,2900.0,2800.0,2400.0,2800.0,3300.0,2000.0,2700.0,2788.0,3382.0,3200.0,3800.0
MU,4122909,  Salto do Itararé,2700.0,2100.0,2700.0,3000.0,3200.0,2726.0,3100.0,3595.0,2934.0,3000.0,2231.0,3000.0,2975.0,3200.0
MU,4123006,  Salto do Lontra,2603.0,1760.0,2000.0,2933.0,2858.0,2426.0,3383.0,3700.0,2176.0,3304.0,2885.0,3451.0,3384.0,3900.0
MU,4123105,  Santa Amélia,2600.0,1800.0,1980.0,2650.0,2750.0,632.0,3100.0,3350.0,3350.0,3100.0,1440.0,2640.0,2820.0,3540.0
MU,4123204,  Santa Cecília do Pavão,2600.0,2000.0,2400.0,2800.0,2880.0,2231.0,3199.0,3600.0,2800.0,3300.0,1740.0,3000.0,2820.0,3720.0
MU,4123303,  Santa Cruz de Monte Castelo,2200.0,1800.0,1700.0,2200.0,2199.0,2000.0,3170.0,2978.0,1360.0,2119.0,1350.0,2700.0,3100.0,3250.0
MU,4123402,  Santa Fé,1610.0,1750.0,1610.0,2850.0,2650.0,1800.0,3440.0,3500.0,2520.0,3325.0,2334.0,3480.0,3100.0,3500.0
MU,4123501,  Santa Helena,1701.0,2760.0,1992.0,2843.0,3350.0,1299.0,3562.0,3226.0,1360.0,2748.0,2889.0,2970.0,3213.0,3100.0
MU,4123600,  Santa Inês,1200.0,1300.0,1050.0,2741.0,2620.0,2250.0,3170.0,3399.0,2665.0,2849.0,1050.0,3199.0,3249.0,3500.0
MU,4123709,  Santa Isabel do Ivaí,1750.0,2100.0,1900.0,2400.0,2200.0,1887.0,3200.0,3200.0,2000.0,2000.0,1735.0,3000.0,3300.0,3300.0
MU,4123808,  Santa Izabel do Oeste,2221.0,900.0,1260.0,3090.0,2800.0,1876.0,3169.0,3300.0,1991.0,3054.0,2788.0,3494.0,3093.0,3720.0
MU,4123824,  Santa Lúcia,2850.0,2230.0,1900.0,3471.0,3300.0,3300.0,3288.0,3230.0,2913.0,3283.0,3422.0,3422.0,3583.0,3500.0
MU,4123857,  Santa Maria do Oeste,2600.0,1900.0,2500.0,2800.0,3000.0,3000.0,3000.0,3407.0,2897.0,2400.0,3100.0,1833.0,3000.0,3750.0
MU,4123907,  Santa Mariana,2600.0,1800.0,2100.0,2900.0,2950.0,1860.0,3000.0,3480.0,2355.0,3382.0,1690.0,2940.0,2880.0,3720.0
MU,4123956,  Santa Mônica,1900.0,2000.0,1900.0,2749.0,2600.0,2000.0,3200.0,3000.0,2250.0,2500.0,2000.0,2800.0,3000.0,3000.0
MU,4124020,  Santa Tereza do Oeste,3029.0,2727.0,2680.0,3244.0,3658.0,2761.0,3294.0,3719.0,2739.0,3563.0,3436.0,3435.0,3756.0,3967.0
MU,4124053,  Santa Terezinha de Itaipu,2341.0,2350.0,1860.0,3463.0,3470.0,3470.0,3400.0,3471.0,2000.0,3719.0,3334.0,3259.0,3328.0,3439.0
MU,4124004,  Santana do Itararé,2980.0,2300.0,3000.0,3347.0,3347.0,2510.0,3300.0,3720.0,3471.0,3719.0,2100.0,3300.0,2800.0,2800.0
MU,4124103,  Santo Antônio da Platina,2798.0,2020.0,2700.0,2500.0,2850.0,2630.0,3000.0,3347.0,2701.0,3300.0,1983.0,2975.0,2800.0,3800.0
MU,4124301,  Santo Antônio do Paraíso,2600.0,2000.0,2500.0,2800.0,2974.0,2250.0,2900.0,3600.0,2727.0,3400.0,1860.0,3060.0,2880.0,3900.0
MU,4124400,  Santo Antônio do Sudoeste,2016.0,1235.0,1514.0,2967.0,2741.0,1792.0,3188.0,3500.0,1800.0,3100.0,3195.0,3296.0,3387.0,3800.0
MU,4124509,  Santo Inácio,1240.0,1549.0,1600.0,2989.0,2069.0,1609.0,3652.0,3223.0,2400.0,2810.0,1520.0,3142.0,3250.0,3350.0
MU,4124608,  São Carlos do Ivaí,2250.0,2100.0,2400.0,3000.0,2700.0,2000.0,3001.0,3200.0,2500.0,2913.0,2730.0,3000.0,3000.0,2800.0
MU,4124707,  São Jerônimo da Serra,2400.0,1480.0,2600.0,2750.0,2700.0,2230.0,3100.0,3480.0,2727.0,3521.0,1800.0,3000.0,2640.0,3840.0
MU,4124806,  São João,2469.0,1300.0,1325.0,2960.0,2918.0,2607.0,2986.0,3420.0,1595.0,3212.0,2287.0,3181.0,3182.0,3893.0
MU,4125001,  São João do Ivaí,3100.0,2450.0,2750.0,3000.0,3100.0,3100.0,3100.0,3400.0,2865.0,3450.0,3350.0,3300.0,2480.0,3500.0
MU,4125100,  São João do Triunfo,2480.0,1950.0,2500.0,3000.0,2600.0,2700.0,2892.0,3400.0,3200.0,3182.0,2900.0,3100.0,3400.0,3700.0
MU,4125308,  São Jorge do Ivaí,2230.0,2229.0,2350.0,2950.0,2730.0,1344.0,3097.0,3400.0,2477.0,3150.0,2930.0,3399.0,2829.0,3600.0
MU,4125357,  São Jorge do Patrocínio,1050.0,1600.0,1250.0,2700.0,2700.0,1300.0,2700.0,2800.0,904.0,2230.0,2000.0,2500.0,2500.0,2902.0
MU,4125209,  São Jorge d'Oeste,1929.0,1450.0,1820.0,2883.0,2790.0,1594.0,2910.0,3552.0,1579.0,3000.0,3064.0,3661.0,3475.0,3700.0
MU,4125407,  São José da Boa Vista,3000.0,2220.0,3000.0,3000.0,3300.0,3150.0,3400.0,3700.0,3178.0,3719.0,2231.0,3400.0,3000.0,3800.0
MU,4125456,  São José das Palmeiras,1700.0,1600.0,1290.0,2200.0,2491.0,1698.0,3551.0,3350.0,1631.0,3500.0,3386.0,3548.0,3208.0,3700.0
MU,4125506,  São José dos Pinhais,2540.0,2625.0,2800.0,3100.0,2875.0,2900.0,2800.0,2950.0,2974.0,2594.0,2828.0,3297.0,3400.0,3600.0
MU,4125555,  São Manoel do Paraná,2100.0,2000.0,2600.0,2700.0,2250.0,1359.0,2500.0,3200.0,1400.0,3000.0,2700.0,3200.0,3000.0,3400.0
MU,4125605,  São Mateus do Sul,2660.0,2000.0,2900.0,3151.0,2676.0,2586.0,2924.0,3257.0,3126.0,3178.0,3209.0,3007.0,3096.0,3570.0
MU,4125704,  São Miguel do Iguaçu,1998.0,2850.0,1997.0,3247.0,3053.0,1324.0,3503.0,3618.0,1388.0,3590.0,3227.0,2884.0,3435.0,3256.0
MU,4125753,  São Pedro do Iguaçu,2827.0,2720.0,2589.0,3068.0,3400.0,2697.0,3294.0,3400.0,1735.0,3495.0,3393.0,3393.0,3342.0,3970.0
MU,4125803,  São Pedro do Ivaí,3100.0,2369.0,2700.0,3000.0,3100.0,1750.0,3000.0,3403.0,2774.0,3121.0,3470.0,3400.0,2480.0,3500.0
MU,4126009,  São Sebastião da Amoreira,3000.0,2480.0,2600.0,2950.0,3000.0,2230.0,3099.0,3720.0,2900.0,3600.0,1920.0,3060.0,2880.0,3480.0
MU,4126108,  São Tomé,2200.0,2200.0,2100.0,2600.0,2200.0,1800.0,3000.0,3300.0,2250.0,3200.0,2500.0,3000.0,2800.0,3500.0
MU,4126207,  Sapopema,2300.0,1250.0,2400.0,2500.0,2700.0,1735.0,3125.0,3350.0,2466.0,3200.0,2600.0,2940.0,2520.0,3300.0
MU,4126256,  Sarandi,2230.0,2200.0,2250.0,2900.0,2850.0,2230.0,3075.0,3600.0,2250.0,3350.0,3150.0,3500.0,2750.0,4100.0
MU,4126272,  Saudade do Iguaçu,2285.0,1350.0,2003.0,2669.0,2368.0,2000.0,2964.0,3200.0,1500.0,2676.0,2226.0,2643.0,3500.0,3900.0
MU,4126306,  Sengés,3000.0,1900.0,2700.0,3150.0,3200.0,2800.0,3100.0,3500.0,3100.0,3006.0,1840.0,3373.0,3349.0,3800.0
MU,4126355,  Serranópolis do Iguaçu,2500.0,3400.0,2454.0,3581.0,3542.0,1397.0,3387.0,3792.0,1487.0,3930.0,4016.0,2663.0,3560.0,3471.0
MU,4126405,  Sertaneja,2400.0,2150.0,1860.0,2850.0,2880.0,1858.0,3000.0,3480.0,2480.0,3471.0,1860.0,3060.0,3000.0,3480.0
MU,4126504,  Sertanópolis,1798.0,1860.0,2040.0,2400.0,2580.0,1740.0,2940.0,3478.0,2580.0,3014.0,2280.0,3441.0,2781.0,3600.0
MU,4126603,  Siqueira Campos,2500.0,1900.0,2700.0,2700.0,3300.0,2975.0,3100.0,3471.0,2871.0,3223.0,1983.0,3000.0,2800.0,3200.0
MU,4126652,  Sulina,2446.0,1580.0,2339.0,3016.0,2977.0,2473.0,2995.0,3500.0,1900.0,3100.0,2364.0,3222.0,3469.0,4091.0
MU,4126678,  Tamarana,2626.0,2400.0,2260.0,2498.0,3000.0,2280.0,3120.0,3424.0,2719.0,3400.0,2400.0,3173.0,3180.0,3900.0
MU,4126702,  Tamboara,2100.0,2100.0,2300.0,2480.0,2600.0,1900.0,3000.0,3100.0,2552.0,2479.0,2451.0,2800.0,2800.0,3000.0
MU,4127007,  Teixeira Soares,2761.0,2270.0,2800.0,2950.0,2801.0,2632.0,3065.0,3268.0,3078.0,3057.0,3229.0,3424.0,3268.0,3800.0
MU,4127106,  Telêmaco Borba,2800.0,2232.0,2400.0,3000.0,2700.0,2731.0,3000.0,3200.0,3000.0,3300.0,2600.0,3400.0,3200.0,3800.0
MU,4127205,  Terra Boa,2700.0,2000.0,2000.0,2700.0,2355.0,2000.0,3000.0,3200.0,2430.0,3200.0,2600.0,3200.0,2430.0,3500.0
MU,4127403,  Terra Roxa,1500.0,2752.0,1953.0,3058.0,2943.0,1841.0,3084.0,3192.0,1202.0,3257.0,2984.0,3177.0,3476.0,3500.0
MU,4127502,  Tibagi,3100.0,2250.0,2488.0,3246.0,3050.0,2752.0,3147.0,3496.0,3297.0,3682.0,3000.0,3727.0,3418.0,4100.0
MU,4127601,  Tijucas do Sul,2600.0,2646.0,3050.0,3000.0,2925.0,3050.0,2975.0,3200.0,3124.0,3192.0,2950.0,3347.0,3350.0,4478.0
MU,4127700,  Toledo,2398.0,2720.0,2221.0,3117.0,3164.0,2263.0,3404.0,3350.0,1361.0,3583.0,3475.0,3549.0,3308.0,4100.0
MU,4127809,  Tomazina,2789.0,2200.0,2700.0,3100.0,3100.0,2900.0,3100.0,3460.0,3181.0,3223.0,2479.0,3467.0,3600.0,3600.0
MU,4127858,  Três Barras do Paraná,2850.0,2700.0,2064.0,3153.0,3134.0,3250.0,3190.0,3792.0,1692.0,3830.0,3716.0,3728.0,4023.0,3600.0
MU,4127908,  Tuneiras do Oeste,2200.0,2000.0,1700.0,2970.0,2400.0,1900.0,3100.0,3100.0,2300.0,3500.0,3196.0,2999.0,2697.0,3500.0
MU,4127957,  Tupãssi,2400.0,2700.0,1693.0,2972.0,3300.0,2097.0,3670.0,3337.0,2178.0,3595.0,3701.0,3929.0,3451.0,4200.0
MU,4127965,  Turvo,2550.0,2150.0,2650.0,2431.0,2250.0,2650.0,2550.0,3200.0,2750.0,3300.0,2770.0,2798.0,3197.0,3690.0
MU,4128005,  Ubiratã,2799.0,2727.0,2603.0,2875.0,3150.0,2763.0,3530.0,3371.0,2596.0,3429.0,3343.0,3258.0,3332.0,4090.0
MU,4128104,  Umuarama,1300.0,1800.0,1860.0,2500.0,2100.0,2000.0,2118.0,2654.0,1520.0,2500.0,2300.0,2350.0,2800.0,2830.0
MU,4128203,  União da Vitória,2650.0,2200.0,3000.0,3200.0,2680.0,2400.0,2580.0,3000.0,3200.0,3200.0,3200.0,2824.0,3000.0,3200.0
MU,4128302,  Uniflor,1935.0,1349.0,2279.0,2900.0,2359.0,2600.0,2700.0,3500.0,1950.0,3400.0,1900.0,3350.0,2800.0,3520.0
MU,4128401,  Uraí,2400.0,1900.0,2100.0,2800.0,2880.0,1982.0,3000.0,3480.0,2480.0,3359.0,1680.0,3000.0,2880.0,3480.0
MU,4128534,  Ventania,3000.0,2200.0,3100.0,3250.0,3050.0,3000.0,3100.0,3497.0,3298.0,3692.0,2803.0,3585.0,3570.0,3579.0
MU,4128559,  Vera Cruz do Oeste,2300.0,2628.0,2229.0,3000.0,3470.0,1999.0,3385.0,3498.0,1611.0,3743.0,3216.0,3394.0,3500.0,3750.0
MU,4128609,  Verê,2375.0,1540.0,2167.0,2248.0,2278.0,1892.0,2625.0,3166.0,1941.0,2714.0,2582.0,3111.0,2690.0,3720.0
MU,4128658,  Virmond,2400.0,1900.0,3100.0,3075.0,3113.0,2500.0,3200.0,3350.0,2236.0,2748.0,3048.0,3049.0,1360.0,3600.0
MU,4128708,  Vitorino,2477.0,1823.0,2948.0,2835.0,3052.0,3156.0,2971.0,3526.0,1854.0,3403.0,3309.0,3212.0,2836.0,3889.0
MU,4128500,  Wenceslau Braz,3000.0,2610.0,3235.0,3347.0,3471.0,3150.0,3300.0,3700.0,3368.0,3500.0,2231.0,3470.0,3400.0,3800.0
